,title,score,created_utc,num_comments,url
0,Cramer tonight?,142,1748387137.0,143,https://www.reddit.com/r/stocks/comments/1kx1ovt/cramer_tonight/
1,The Magnificent 7 drove a $36 billion loss for short sellers as stocks soared after tariff chaos,494,1748379343.0,62,https://www.reddit.com/r/stocks/comments/1kwyl46/the_magnificent_7_drove_a_36_billion_loss_for/
2,35% CAGR Since 2022 - Stock Picking Port,0,1748370517.0,22,https://www.reddit.com/r/stocks/comments/1kwuttd/35_cagr_since_2022_stock_picking_port/
3,BYD outsells Tesla in Europe for the first time as registrations surge in April,874,1748325423.0,104,https://www.reddit.com/r/stocks/comments/1kwfw8y/byd_outsells_tesla_in_europe_for_the_first_time/
4,Chinese EV Stocks Tumble After BYD Slashes Prices as Much as 34%,1328,1748291538.0,274,https://www.reddit.com/r/stocks/comments/1kw4qfx/chinese_ev_stocks_tumble_after_byd_slashes_prices/
5,TSLA vs. BYDDY – Which EV Stock Is the Better Bet Right Now?,63,1748206380.0,129,https://www.reddit.com/r/stocks/comments/1kvcs9x/tsla_vs_byddy_which_ev_stock_is_the_better_bet/
6,Elon says he's back to work 24/7; bullish on TSLA,0,1748179548.0,78,https://www.reddit.com/r/stocks/comments/1kv2htl/elon_says_hes_back_to_work_247_bullish_on_tsla/
7,"What To Expect in the Markets This Week: May 27–30, 2025",68,1748178984.0,4,https://www.reddit.com/r/stocks/comments/1kv2as8/what_to_expect_in_the_markets_this_week_may_2730/
8,Trying to Learn – How Do You Short Tesla Smarter?,0,1748085021.0,105,https://www.reddit.com/r/stocks/comments/1ku94ha/trying_to_learn_how_do_you_short_tesla_smarter/
9,What are the best robotics stocks?,96,1748034554.0,107,https://www.reddit.com/r/stocks/comments/1ktunpc/what_are_the_best_robotics_stocks/
10,BRK.B vs S&P500 after Warren Buffett's retirement?,0,1748032473.0,45,https://www.reddit.com/r/stocks/comments/1kttun7/brkb_vs_sp500_after_warren_buffetts_retirement/
11,Is there a way to buy VOO without exposure to certain companies?,0,1748025959.0,39,https://www.reddit.com/r/stocks/comments/1ktra9j/is_there_a_way_to_buy_voo_without_exposure_to/
12,"Tesla: Vision, Volatility, and the Illusion of Invincibility",26,1748006096.0,25,https://www.reddit.com/r/stocks/comments/1ktjam4/tesla_vision_volatility_and_the_illusion_of/
13,"The Doha interview confirmed that car sales are still Tesla's anchor, and Musk is trying hard to blur this anchor.The crisis is coming quiet",325,1747992885.0,102,https://www.reddit.com/r/stocks/comments/1ktfc9f/the_doha_interview_confirmed_that_car_sales_are/
14,"Kraken Crypto Exchange to Launch Digital Tokens of Over 50 ETFs and Stocks Such as Apple, Nvidia and Tesla",30,1747922631.0,52,https://www.reddit.com/r/stocks/comments/1ksrj9g/kraken_crypto_exchange_to_launch_digital_tokens/
15,Elon Musk confirms Tesla's June 2025 plan for robotaxis in Texas,0,1747800770.0,50,https://www.reddit.com/r/stocks/comments/1krowzj/elon_musk_confirms_teslas_june_2025_plan_for/
16,"Elon Musk says Tesla, xAI expect to keep buying chips from Nvidia and AMD",39,1747777424.0,4,https://www.reddit.com/r/stocks/comments/1krh3sj/elon_musk_says_tesla_xai_expect_to_keep_buying/
17,Tesla's New Self-Driving Ride-Hailing Service – A Game Changer?,0,1747766797.0,73,https://www.reddit.com/r/stocks/comments/1krcrsh/teslas_new_selfdriving_ridehailing_service_a_game/
18,U.S. stocks in modest pullback as brief market optimism may be overdone,0,1747759577.0,19,https://www.reddit.com/r/stocks/comments/1kr9p3w/us_stocks_in_modest_pullback_as_brief_market/
19,I know there are really smart people here.,0,1747753269.0,62,https://www.reddit.com/r/stocks/comments/1kr71xd/i_know_there_are_really_smart_people_here/
20,Elon Musk commits to leading Tesla for next five years,2106,1747749487.0,540,https://www.reddit.com/r/stocks/comments/1kr5jb6/elon_musk_commits_to_leading_tesla_for_next_five/
21,CATL goes public in Hong Kong Listing - climbs 16% in debut,77,1747738318.0,29,https://www.reddit.com/r/stocks/comments/1kr1vlf/catl_goes_public_in_hong_kong_listing_climbs_16/
22,Is this why markets have been not making sense?,177,1747702483.0,212,https://www.reddit.com/r/stocks/comments/1kqs7zz/is_this_why_markets_have_been_not_making_sense/
23,"Now that the future has arrived, Musk’s promises are collapsing one by one. Robotaxi,Cybercab and Car sales plummet",1261,1747630100.0,215,https://www.reddit.com/r/stocks/comments/1kq3drf/now_that_the_future_has_arrived_musks_promises/
24,Are We in the Middle of a New Tech Supercycle? What’s Your Move This Week?,0,1747576880.0,34,https://www.reddit.com/r/stocks/comments/1kpkny7/are_we_in_the_middle_of_a_new_tech_supercycle/
25,Forbes: Tesla Robotaxi Will Have ‘Lots Of Tele-Ops’—Which Means Supervised FSD,242,1747575757.0,136,https://www.reddit.com/r/stocks/comments/1kpk9up/forbes_tesla_robotaxi_will_have_lots_of/
26,"Root problem Employment Rate-- there is no market prospect for Tesla, Cyber​​CAB and all Robotaxi industry.Tesla's Second Death Knell",0,1747542403.0,30,https://www.reddit.com/r/stocks/comments/1kpbmwl/root_problem_employment_rate_there_is_no_market/
27,Where the Tesla bears at,0,1747531263.0,61,https://www.reddit.com/r/stocks/comments/1kp8f0c/where_the_tesla_bears_at/
28,Tesla limits investors' ability to sue over breach of fiduciary duties,333,1747445899.0,60,https://www.reddit.com/r/stocks/comments/1kohhtz/tesla_limits_investors_ability_to_sue_over_breach/
29,Why Tesla is another Enron - How can a company with a valuation equal to the world's seven largest automakers Earnings Catch-up,0,1747418866.0,208,https://www.reddit.com/r/stocks/comments/1ko7mvv/why_tesla_is_another_enron_how_can_a_company_with/
30,"The real problem of the U.S is that if MAG7 is removed, the US stock market will be a flat horizontal line.",0,1747339647.0,54,https://www.reddit.com/r/stocks/comments/1knhyrt/the_real_problem_of_the_us_is_that_if_mag7_is/
31,(05/15) Interesting Stocks Today - DOJ investigating UNH!,15,1747314194.0,10,https://www.reddit.com/r/stocks/comments/1kn7o0m/0515_interesting_stocks_today_doj_investigating/
32,"No way Musk gets $50B. In my Aussie MBA, the US’s 300:1 pay ratio is taught as the most extreme example of inequality and company governance",563,1747312624.0,206,https://www.reddit.com/r/stocks/comments/1kn749a/no_way_musk_gets_50b_in_my_aussie_mba_the_uss/
33,Who wins the robotaxi race - WAYMO or Tesla?,139,1747304946.0,319,https://www.reddit.com/r/stocks/comments/1kn4utg/who_wins_the_robotaxi_race_waymo_or_tesla/
34,Purely rational: Tesla robotaxi without L4 isn’t even a Challenger — Magic Quadrant shows how far it is from Waymo’s leadership,45,1747290628.0,12,https://www.reddit.com/r/stocks/comments/1kn1g08/purely_rational_tesla_robotaxi_without_l4_isnt/
35,"In my opinion, 06/19, CyberCab is released, and the world will know that Tesla is the second Enron",155,1747270364.0,189,https://www.reddit.com/r/stocks/comments/1kmvgj4/in_my_opinion_0619_cybercab_is_released_and_the/
36,Tesla Institutional Investor Movement- Mixed Bag- Mostly Positive,18,1747242937.0,18,https://www.reddit.com/r/stocks/comments/1kmks0z/tesla_institutional_investor_movement_mixed_bag/
37,(05/14) Interesting Stocks Today - Semis Strike Back!,12,1747228412.0,4,https://www.reddit.com/r/stocks/comments/1kmeu35/0514_interesting_stocks_today_semis_strike_back/
38,SPMO (Invesco S&P 500 Momentum ETF) Hits New 52-Week High Today,16,1747169663.0,10,https://www.reddit.com/r/stocks/comments/1klx4t2/spmo_invesco_sp_500_momentum_etf_hits_new_52week/
39,7 years Investing,0,1747124105.0,9,https://www.reddit.com/r/stocks/comments/1klglg2/7_years_investing/
40,Tesla quietly gets back to $1 Trillion market cap,1275,1747059542.0,855,https://www.reddit.com/r/stocks/comments/1kktold/tesla_quietly_gets_back_to_1_trillion_market_cap/
41,Why is tesla stocks rising so fast?,781,1746800483.0,817,https://www.reddit.com/r/stocks/comments/1kijott/why_is_tesla_stocks_rising_so_fast/
42,Cathie Wood on CNBC this morning,0,1746795255.0,67,https://www.reddit.com/r/stocks/comments/1kihror/cathie_wood_on_cnbc_this_morning/
43,Thoughts on $HIMS,0,1746747247.0,12,https://www.reddit.com/r/stocks/comments/1ki4jb5/thoughts_on_hims/
44,Tesla’s ‘Robotaxi’ and ‘Cybercab’ trademarks hit roadblocks ahead of June launch,178,1746737707.0,38,https://www.reddit.com/r/stocks/comments/1ki0zjl/teslas_robotaxi_and_cybercab_trademarks_hit/
45,Palantir now among 10 most valuable U.S. tech companies — its earnings multiple is astronomical,489,1746736255.0,176,https://www.reddit.com/r/stocks/comments/1ki0es0/palantir_now_among_10_most_valuable_us_tech/
46,Swede here I'm short Tesla,67,1746722156.0,139,https://www.reddit.com/r/stocks/comments/1khulan/swede_here_im_short_tesla/
47,Rivian stock,30,1746708415.0,33,https://www.reddit.com/r/stocks/comments/1khp8d9/rivian_stock/
48,"LCID - with elon driving TSLA into firepits, is LCID likely going to benefit ? Upcoming ER move ?",19,1746545975.0,63,https://www.reddit.com/r/stocks/comments/1kg7n03/lcid_with_elon_driving_tsla_into_firepits_is_lcid/
49,Best (non-tesla) stock to short in the face of a recession,0,1746462676.0,37,https://www.reddit.com/r/stocks/comments/1kfg17l/best_nontesla_stock_to_short_in_the_face_of_a/
50,"Tariffs Threaten Semiconductor Supply Chains, Chip-Equipment Maker Warns",61,1746452913.0,12,https://www.reddit.com/r/stocks/comments/1kfc2gu/tariffs_threaten_semiconductor_supply_chains/
51,"Most people strategy in the market is broken, and think the market is broken",0,1746446649.0,12,https://www.reddit.com/r/stocks/comments/1kf9wrn/most_people_strategy_in_the_market_is_broken_and/
52,China’s EV Revolution Left US Automakers Behind — Trump Just Sped It Up,375,1746222774.0,86,https://www.reddit.com/r/stocks/comments/1kdcx9b/chinas_ev_revolution_left_us_automakers_behind/
53,Short Seller Jim Chanos Rips On Tesla's Robotaxi,146,1746205753.0,91,https://www.reddit.com/r/stocks/comments/1kd68s8/short_seller_jim_chanos_rips_on_teslas_robotaxi/
54,Microsoft breaking its back carrying the S&P,56,1746180797.0,51,https://www.reddit.com/r/stocks/comments/1kcxdu8/microsoft_breaking_its_back_carrying_the_sp/
55,"Electric vehicles, solar panels, and humanoid worker robots...and the WINNER IS...",0,1746124207.0,24,https://www.reddit.com/r/stocks/comments/1kcfyh4/electric_vehicles_solar_panels_and_humanoid/
56,The stock market is fully gaslit for this reason,3156,1746112512.0,591,https://www.reddit.com/r/stocks/comments/1kcb7tr/the_stock_market_is_fully_gaslit_for_this_reason/
57,Will Tesla as a brand recover from Elons involvement in US politics?,0,1746111357.0,32,https://www.reddit.com/r/stocks/comments/1kcaqm3/will_tesla_as_a_brand_recover_from_elons/
58,Nasdaq Plan Will Bring Zero-Day Option Boom Closer to Single Stocks,7,1746109553.0,1,https://www.reddit.com/r/stocks/comments/1kca1fo/nasdaq_plan_will_bring_zeroday_option_boom_closer/
59,(05/1) Interesting Stocks Today - Unemployment gets Worse,14,1746104937.0,23,https://www.reddit.com/r/stocks/comments/1kc8biy/051_interesting_stocks_today_unemployment_gets/
60,Tesla Board Opened Search for a CEO to Succeed Elon Musk,948,1746061941.0,133,https://www.reddit.com/r/stocks/comments/1kbwovj/tesla_board_opened_search_for_a_ceo_to_succeed/
61,Trump's Tariff On/Off Switch: On Autos & Tesla's Advantage,33,1745938877.0,12,https://www.reddit.com/r/stocks/comments/1kaq2fk/trumps_tariff_onoff_switch_on_autos_teslas/
62,Cisco’s Dot Com Collapse and Dead Cat Bounce—— A Cautionary Tale,90,1745900306.0,33,https://www.reddit.com/r/stocks/comments/1kafc4d/ciscos_dot_com_collapse_and_dead_cat_bounce_a/
63,"Trump First 100 days ending April 29, 2025, it's make or break for the Markets",366,1745886801.0,73,https://www.reddit.com/r/stocks/comments/1kab4qz/trump_first_100_days_ending_april_29_2025_its/
64,Is PLTR or TSLA a Better Position for AI Growth???,0,1745884944.0,38,https://www.reddit.com/r/stocks/comments/1kaaiao/is_pltr_or_tsla_a_better_position_for_ai_growth/
65,Has everyone forgotten about logistics and infrastructure when talking about Tesla?,150,1745850912.0,160,https://www.reddit.com/r/stocks/comments/1k9x26e/has_everyone_forgotten_about_logistics_and/
66,Volkswagen Overtakes Tesla in European EV Market for the First Time,414,1745773427.0,45,https://www.reddit.com/r/stocks/comments/1k98ti7/volkswagen_overtakes_tesla_in_european_ev_market/
67,Big Tech’s Earnings Problem Is Estimates May Be Way Too High,79,1745769161.0,26,https://www.reddit.com/r/stocks/comments/1k975d5/big_techs_earnings_problem_is_estimates_may_be/
68,Elon Musk Is Running Out Of Ideas To Save Tesla,5437,1745696547.0,691,https://www.reddit.com/r/stocks/comments/1k8ldji/elon_musk_is_running_out_of_ideas_to_save_tesla/
69,So how does the lowered regulation for autonomous vehicles actually help Tesla achieve a profitable autonomous taxi service?,89,1745623231.0,60,https://www.reddit.com/r/stocks/comments/1k7yuoj/so_how_does_the_lowered_regulation_for_autonomous/
70,Google needs to change,0,1745597459.0,57,https://www.reddit.com/r/stocks/comments/1k7osjb/google_needs_to_change/
71,Make it make sense,2620,1745596028.0,523,https://www.reddit.com/r/stocks/comments/1k7o7yu/make_it_make_sense/
72,"Waymo reports 250,000 paid robotaxi rides per week in U.S.",1308,1745539157.0,241,https://www.reddit.com/r/stocks/comments/1k7782l/waymo_reports_250000_paid_robotaxi_rides_per_week/
73,Do you worry about concentration risk of investing in SP500?,16,1745520420.0,82,https://www.reddit.com/r/stocks/comments/1k700s8/do_you_worry_about_concentration_risk_of/
74,Tesla Earnings: The Old Used Kleenex Trick Works Again,62,1745512734.0,50,https://www.reddit.com/r/stocks/comments/1k6wu0j/tesla_earnings_the_old_used_kleenex_trick_works/
75,Which industry or market segment will be the first to actually go under the back and forth tariff game?,20,1745497751.0,45,https://www.reddit.com/r/stocks/comments/1k6qyr6/which_industry_or_market_segment_will_be_the/
76,Tom Lee's analysis of the stock market and its outlook for the coming months.,0,1745462199.0,30,https://www.reddit.com/r/stocks/comments/1k6hi91/tom_lees_analysis_of_the_stock_market_and_its/
77,Tesla Robotaxi - Musk sees it as infinite money hack - My crude study gets profit of $18.57 per share if it entirely displaced Uber & Lyft.,130,1745441461.0,344,https://www.reddit.com/r/stocks/comments/1k6a1ck/tesla_robotaxi_musk_sees_it_as_infinite_money/
78,"Interesting Stocks Today (04/23) - Trump plans to be ""very nice"" to China!",39,1745413797.0,18,https://www.reddit.com/r/stocks/comments/1k5yrm0/interesting_stocks_today_0423_trump_plans_to_be/
79,Tesla CEO Musk says time he spends on DOGE will drop significantly next month,1162,1745358472.0,234,https://www.reddit.com/r/stocks/comments/1k5iknx/tesla_ceo_musk_says_time_he_spends_on_doge_will/
80,Tesla reports disappointing quarterly results as automotive revenue plunges 20%,13945,1745352789.0,974,https://www.reddit.com/r/stocks/comments/1k5g9yj/tesla_reports_disappointing_quarterly_results_as/
81,Does TSLA dare mention tariffs in its earnings call?,68,1745351678.0,22,https://www.reddit.com/r/stocks/comments/1k5ftil/does_tsla_dare_mention_tariffs_in_its_earnings/
82,Tesla Earnings: Two predictions and what to watch for after.,216,1745336168.0,82,https://www.reddit.com/r/stocks/comments/1k59c6r/tesla_earnings_two_predictions_and_what_to_watch/
83,Interesting Stocks Today (04/22) - Solar Powered Tariffs!,5,1745326655.0,8,https://www.reddit.com/r/stocks/comments/1k55n5h/interesting_stocks_today_0422_solar_powered/
84,Tesla's Meme Stock Era: Is DJT the Next Contender?,0,1745324742.0,11,https://www.reddit.com/r/stocks/comments/1k55075/teslas_meme_stock_era_is_djt_the_next_contender/
85,Tesla stocks going to be hammered thanks to Musk and DOGE,1492,1745274064.0,309,https://www.reddit.com/r/stocks/comments/1k4qfm5/tesla_stocks_going_to_be_hammered_thanks_to_musk/
86,Tesla shares tumble ahead of first-quarter earnings report,922,1745270327.0,89,https://www.reddit.com/r/stocks/comments/1k4oyql/tesla_shares_tumble_ahead_of_firstquarter/
87,"Given all that’s happened, what’s everyone’s confidence that Tesla and Elon will even report accurate numbers?",537,1745269637.0,216,https://www.reddit.com/r/stocks/comments/1k4ooux/given_all_thats_happened_whats_everyones/
88,The illusion of diversifying your portfolio,101,1745209112.0,33,https://www.reddit.com/r/stocks/comments/1k44x1q/the_illusion_of_diversifying_your_portfolio/
89,How should we treat earning reports after this wild tariff?,126,1745203064.0,69,https://www.reddit.com/r/stocks/comments/1k433vw/how_should_we_treat_earning_reports_after_this/
90,Predictions for the effect of Tesla earnings on Tuesday?,198,1745144348.0,189,https://www.reddit.com/r/stocks/comments/1k3jhq6/predictions_for_the_effect_of_tesla_earnings_on/
91,The era of American stock market exceptionalism is over,4828,1745076348.0,593,https://www.reddit.com/r/stocks/comments/1k2ys45/the_era_of_american_stock_market_exceptionalism/
92,"Tesla to delay US launch of affordable EV, a lower-cost Model Y, sources say",413,1745008943.0,111,https://www.reddit.com/r/stocks/comments/1k2f3wb/tesla_to_delay_us_launch_of_affordable_ev_a/
93,"Tesla speeds up odometers to avoid warranty repairs, US lawsuit claims",8738,1744927363.0,329,https://www.reddit.com/r/stocks/comments/1k1p0mo/tesla_speeds_up_odometers_to_avoid_warranty/
94,Tesla Sales Drop Like A Stone In Most European Countries,679,1744920219.0,105,https://www.reddit.com/r/stocks/comments/1k1m9nt/tesla_sales_drop_like_a_stone_in_most_european/
95,Hertz shares surge more than 50% after Bill Ackman takes big stake in the rental car firm,115,1744836777.0,41,https://www.reddit.com/r/stocks/comments/1k0v5ii/hertz_shares_surge_more_than_50_after_bill_ackman/
96,"After surge to record highs, gold overtakes 'Magnificent 7' as the most crowded trade on Wall Street",455,1744818054.0,49,https://www.reddit.com/r/stocks/comments/1k0nih7/after_surge_to_record_highs_gold_overtakes/
97,"Tesla's first-quarter registrations in California fell 15%, industry data shows",1020,1744817939.0,194,https://www.reddit.com/r/stocks/comments/1k0ngt0/teslas_firstquarter_registrations_in_california/
98,Leverage ETFs: Survive Volatility or Risk It All?,0,1744767731.0,0,https://www.reddit.com/r/stocks/comments/1k08x51/leverage_etfs_survive_volatility_or_risk_it_all/
99,How bad is this for TSLA?,513,1744686020.0,204,https://www.reddit.com/r/stocks/comments/1jzhipc/how_bad_is_this_for_tsla/
